step_id,token_id,token_text
0,33413,Okay
1,11,","
2,779, so
3,358, I
4,617, have
5,420, this
6,3575, problem
7,1618, here
8,25,:
9,358, I
10,1205, need
11,311, to
12,1505, find
13,279, the
14,7928, largest
15,3284, possible
16,1972, real
17,961, part
18,315, of
19,279, the
20,7645, expression
21,1144, \
22,9896,[(
23,2075,75
24,489, +
25,220, 
26,8546,117
27,72,i
28,8,)
29,89,z
30,489, +
31,1144, \
32,38118,frac
33,90,{
34,4161,96
35,489, +
36,220, 
37,8929,144
38,72,i
39,15523,}{
40,89,z
41,11281,}\
42,1145,"],"
43,1405, where
44,18240, \(
45,1167, z
46,1144, \
47,8,)
48,374, is
49,264, a
50,6485, complex
51,1396, number
52,449, with
53,18240, \(
54,765, |
55,89,z
56,91,|
57,284, =
58,220, 
59,19,4
60,1144, \
61,570,).
62,89290, Hmm
63,11,","
64,430, that
65,10578, sounds
66,264, a
67,2766, bit
68,34553, tricky
69,11,","
70,719, but
71,1095, let
72,757, me
73,1456, try
74,311, to
75,1464, break
76,433, it
77,1523, down
78,3094, step
79,555, by
80,3094, step
81,382,".

"
82,5451,First
83,11,","
84,358, I
85,1440, know
86,430, that
87,18240, \(
88,1167, z
89,1144, \
90,8,)
91,374, is
92,264, a
93,6485, complex
94,1396, number
95,11,","
96,779, so
97,358, I
98,649, can
99,3350, write
100,433, it
101,439, as
102,18240, \(
103,1167, z
104,284, =
105,865, x
106,489, +
107,62797, yi
108,1144, \
109,705,"),"
110,1405, where
111,18240, \(
112,865, x
113,1144, \
114,8,)
115,323, and
116,18240, \(
117,379, y
118,1144, \
119,8,)
120,527, are
121,1972, real
122,5219, numbers
123,13,.
124,578, The
125,3044, condition
126,18240, \(
127,765, |
128,89,z
129,91,|
130,284, =
131,220, 
132,19,4
133,1144, \
134,8,)
135,3445, means
136,430, that
137,18240, \(
138,865, x
139,61,^
140,17,2
141,489, +
142,379, y
143,61,^
144,17,2
145,284, =
146,220, 
147,845,16
148,1144, \
149,570,).
150,3011, That
151,596,'s
152,279, the
153,24524, equation
154,315, of
155,264, a
156,12960, circle
157,449, with
158,10801, radius
159,220, 
160,19,4
161,31288, centered
162,520, at
163,279, the
164,6371, origin
165,304, in
166,279, the
167,6485, complex
168,11277, plane
169,382,".

"
170,7184,Now
171,11,","
172,279, the
173,7645, expression
174,358, I
175,1205, need
176,311, to
177,15806, evaluate
178,374, is
179,1144, \
180,9896,[(
181,2075,75
182,489, +
183,220, 
184,8546,117
185,72,i
186,8,)
187,89,z
188,489, +
189,1144, \
190,38118,frac
191,90,{
192,4161,96
193,489, +
194,220, 
195,8929,144
196,72,i
197,15523,}{
198,89,z
199,11281,}\
200,948,].
201,6914, Let
202,757, me
203,79164, denote
204,420, this
205,7645, expression
206,439, as
207,18240, \(
208,469, E
209,1144, \
210,570,).
211,2100, So
212,11,","
213,18240, \(
214,469, E
215,284, =
216,320, (
217,2075,75
218,489, +
219,220, 
220,8546,117
221,72,i
222,8,)
223,89,z
224,489, +
225,1144, \
226,38118,frac
227,90,{
228,4161,96
229,489, +
230,220, 
231,8929,144
232,72,i
233,15523,}{
234,89,z
235,92,}
236,1144, \
237,3677,").

"
238,12834,Since
239,18240, \(
240,1167, z
241,1144, \
242,8,)
243,374, is
244,264, a
245,6485, complex
246,1396, number
247,11,","
248,2225, both
249,18240, \(
250,320, (
251,2075,75
252,489, +
253,220, 
254,8546,117
255,72,i
256,8,)
257,89,z
258,1144, \
259,8,)
260,323, and
261,18240, \(
262,1144, \
263,38118,frac
264,90,{
265,4161,96
266,489, +
267,220, 
268,8929,144
269,72,i
270,15523,}{
271,89,z
272,92,}
273,1144, \
274,8,)
275,690, will
276,1101, also
277,387, be
278,6485, complex
279,5219, numbers
280,13,.
281,3092, My
282,5915, goal
283,374, is
284,311, to
285,1505, find
286,279, the
287,7340, maximum
288,1972, real
289,961, part
290,315, of
291,18240, \(
292,469, E
293,1144, \
294,3677,").

"
295,10267,Let
296,757, me
297,1781, think
298,922, about
299,1268, how
300,311, to
301,5603, approach
302,420, this
303,13,.
304,10926, Maybe
305,358, I
306,649, can
307,3237, express
308,18240, \(
309,469, E
310,1144, \
311,8,)
312,304, in
313,3878, terms
314,315, of
315,18240, \(
316,865, x
317,1144, \
318,8,)
319,323, and
320,18240, \(
321,379, y
322,1144, \
323,8,)
324,323, and
325,1243, then
326,1505, find
327,1202, its
328,1972, real
329,961, part
330,13,.
331,5112, Then
332,11,","
333,358, I
334,649, can
335,1456, try
336,311, to
337,35608, maximize
338,430, that
339,1972, real
340,961, part
341,3917, subject
342,311, to
343,279, the
344,22295, constraint
345,18240, \(
346,865, x
347,61,^
348,17,2
349,489, +
350,379, y
351,61,^
352,17,2
353,284, =
354,220, 
355,845,16
356,1144, \
357,3677,").

"
358,4516,So
359,11,","
360,1095, let
361,596,'s
362,3350, write
363,18240, \(
364,1167, z
365,284, =
366,865, x
367,489, +
368,62797, yi
369,1144, \
370,570,).
371,5112, Then
372,11,","
373,18240, \(
374,1144, \
375,38118,frac
376,90,{
377,16,1
378,15523,}{
379,89,z
380,92,}
381,284, =
382,1144, \
383,38118,frac
384,36802,{\
385,2017,over
386,1074,line
387,90,{
388,89,z
389,3500,}}
390,47215,{|
391,89,z
392,97850,|^
393,17,2
394,92,}
395,284, =
396,1144, \
397,38118,frac
398,46440,{x
399,482, -
400,62797, yi
401,15523,}{
402,845,16
403,92,}
404,1144, \
405,8,)
406,1606, because
407,18240, \(
408,765, |
409,89,z
410,91,|
411,284, =
412,220, 
413,19,4
414,1144, \
415,3677,").

"
416,7184,Now
417,11,","
418,1095, let
419,596,'s
420,12849, compute
421,1855, each
422,4751, term
423,26214, separately
424,382,".

"
425,5451,First
426,4751, term
427,25,:
428,18240, \(
429,320, (
430,2075,75
431,489, +
432,220, 
433,8546,117
434,72,i
435,8,)
436,89,z
437,284, =
438,320, (
439,2075,75
440,489, +
441,220, 
442,8546,117
443,72,i
444,2432,)(
445,87,x
446,489, +
447,62797, yi
448,8,)
449,1144, \
450,570,).
451,6914, Let
452,757, me
453,31370, multiply
454,420, this
455,704, out
456,382,".

"
457,16834,Using
458,279, the
459,2916, distrib
460,6844,utive
461,3424, property
462,512,":
"
463,45392,\(
464,320, (
465,2075,75
466,489, +
467,220, 
468,8546,117
469,72,i
470,2432,)(
471,87,x
472,489, +
473,62797, yi
474,8,)
475,284, =
476,220, 
477,2075,75
478,87,x
479,489, +
480,220, 
481,2075,75
482,39172,yi
483,489, +
484,220, 
485,8546,117
486,72,i
487,865, x
488,489, +
489,220, 
490,8546,117
491,72,i
492,1144, \
493,51953,cdot
494,62797, yi
495,1144, \
496,3677,").

"
497,50,S
498,71306,implify
499,1855, each
500,4751, term
501,512,":
"
502,12,-
503,18240, \(
504,220, 
505,2075,75
506,87,x
507,1144, \
508,8,)
509,374, is
510,1972, real
511,627,".
"
512,12,-
513,18240, \(
514,220, 
515,2075,75
516,39172,yi
517,1144, \
518,8,)
519,374, is
520,51052, imaginary
521,627,".
"
522,12,-
523,18240, \(
524,220, 
525,8546,117
526,72,i
527,865, x
528,1144, \
529,8,)
530,374, is
531,1101, also
532,51052, imaginary
533,627,".
"
534,12,-
535,18240, \(
536,220, 
537,8546,117
538,72,i
539,1144, \
540,51953,cdot
541,62797, yi
542,284, =
543,220, 
544,8546,117
545,88,y
546,602, i
547,61,^
548,17,2
549,284, =
550,220, 
551,8546,117
552,88,y
553,10505, (-
554,16,1
555,8,)
556,284, =
557,482, -
558,8546,117
559,88,y
560,1144, \
561,705,"),"
562,902, which
563,374, is
564,1972, real
565,382,".

"
566,4516,So
567,11,","
568,35271, combining
569,279, the
570,1972, real
571,5596, parts
572,25,:
573,18240, \(
574,220, 
575,2075,75
576,87,x
577,482, -
578,220, 
579,8546,117
580,88,y
581,1144, \
582,4390,").
"
583,37292,Comb
584,5859,ining
585,279, the
586,51052, imaginary
587,5596, parts
588,25,:
589,18240, \(
590,320, (
591,2075,75
592,88,y
593,489, +
594,220, 
595,8546,117
596,87,x
597,48817,)i
598,1144, \
599,3677,").

"
600,4516,So
601,11,","
602,279, the
603,1176, first
604,4751, term
605,374, is
606,18240, \(
607,320, (
608,2075,75
609,87,x
610,482, -
611,220, 
612,8546,117
613,88,y
614,8,)
615,489, +
616,320, (
617,2075,75
618,88,y
619,489, +
620,220, 
621,8546,117
622,87,x
623,48817,)i
624,1144, \
625,3677,").

"
626,16041,Second
627,4751, term
628,25,:
629,18240, \(
630,1144, \
631,38118,frac
632,90,{
633,4161,96
634,489, +
635,220, 
636,8929,144
637,72,i
638,15523,}{
639,89,z
640,92,}
641,284, =
642,1144, \
643,38118,frac
644,90,{
645,4161,96
646,489, +
647,220, 
648,8929,144
649,72,i
650,15523,}{
651,87,x
652,489, +
653,62797, yi
654,92,}
655,1144, \
656,570,).
657,1666, As
658,358, I
659,9932, mentioned
660,6931, earlier
661,11,","
662,18240, \(
663,1144, \
664,38118,frac
665,90,{
666,16,1
667,15523,}{
668,89,z
669,92,}
670,284, =
671,1144, \
672,38118,frac
673,46440,{x
674,482, -
675,62797, yi
676,15523,}{
677,845,16
678,92,}
679,1144, \
680,705,"),"
681,779, so
682,1473,":

"
683,45392,\(
684,1144, \
685,38118,frac
686,90,{
687,4161,96
688,489, +
689,220, 
690,8929,144
691,72,i
692,15523,}{
693,89,z
694,92,}
695,284, =
696,1144, \
697,38118,frac
698,90,{
699,4161,96
700,489, +
701,220, 
702,8929,144
703,72,i
704,15523,}{
705,87,x
706,489, +
707,62797, yi
708,92,}
709,1144, \
710,51953,cdot
711,1144, \
712,38118,frac
713,46440,{x
714,482, -
715,62797, yi
716,15523,}{
717,87,x
718,482, -
719,62797, yi
720,92,}
721,284, =
722,1144, \
723,38118,frac
724,97165,{(
725,4161,96
726,489, +
727,220, 
728,8929,144
729,72,i
730,2432,)(
731,87,x
732,482, -
733,62797, yi
734,9317,)}
735,90,{
736,87,x
737,61,^
738,17,2
739,489, +
740,379, y
741,61,^
742,17,2
743,92,}
744,1144, \
745,3677,").

"
746,12834,Since
747,18240, \(
748,865, x
749,61,^
750,17,2
751,489, +
752,379, y
753,61,^
754,17,2
755,284, =
756,220, 
757,845,16
758,1144, \
759,705,"),"
760,420, this
761,15858, simpl
762,9803,ifies
763,311, to
764,18240, \(
765,1144, \
766,38118,frac
767,97165,{(
768,4161,96
769,489, +
770,220, 
771,8929,144
772,72,i
773,2432,)(
774,87,x
775,482, -
776,62797, yi
777,9317,)}
778,90,{
779,845,16
780,92,}
781,1144, \
782,3677,").

"
783,10267,Let
784,757, me
785,12849, compute
786,18240, \(
787,320, (
788,4161,96
789,489, +
790,220, 
791,8929,144
792,72,i
793,2432,)(
794,87,x
795,482, -
796,62797, yi
797,8,)
798,1144, \
799,7887,"):

"
800,31485,Again
801,11,","
802,1701, using
803,2916, distrib
804,6844,utive
805,3424, property
806,512,":
"
807,45392,\(
808,220, 
809,4161,96
810,87,x
811,482, -
812,220, 
813,4161,96
814,39172,yi
815,489, +
816,220, 
817,8929,144
818,72,i
819,865, x
820,482, -
821,220, 
822,8929,144
823,72,i
824,1144, \
825,51953,cdot
826,62797, yi
827,1144, \
828,3677,").

"
829,50,S
830,71306,implify
831,1855, each
832,4751, term
833,512,":
"
834,12,-
835,18240, \(
836,220, 
837,4161,96
838,87,x
839,1144, \
840,8,)
841,374, is
842,1972, real
843,627,".
"
844,12,-
845,18240, \(
846,482, -
847,4161,96
848,39172,yi
849,1144, \
850,8,)
851,374, is
852,51052, imaginary
853,627,".
"
854,12,-
855,18240, \(
856,220, 
857,8929,144
858,72,i
859,865, x
860,1144, \
861,8,)
862,374, is
863,51052, imaginary
864,627,".
"
865,12,-
866,18240, \(
867,482, -
868,8929,144
869,72,i
870,1144, \
871,51953,cdot
872,62797, yi
873,284, =
874,482, -
875,8929,144
876,88,y
877,602, i
878,61,^
879,17,2
880,284, =
881,482, -
882,8929,144
883,88,y
884,10505, (-
885,16,1
886,8,)
887,284, =
888,220, 
889,8929,144
890,88,y
891,1144, \
892,705,"),"
893,902, which
894,374, is
895,1972, real
896,382,".

"
897,4516,So
898,11,","
899,35271, combining
900,279, the
901,1972, real
902,5596, parts
903,25,:
904,18240, \(
905,220, 
906,4161,96
907,87,x
908,489, +
909,220, 
910,8929,144
911,88,y
912,1144, \
913,4390,").
"
914,37292,Comb
915,5859,ining
916,279, the
917,51052, imaginary
918,5596, parts
919,25,:
920,18240, \(
921,10505, (-
922,4161,96
923,88,y
924,489, +
925,220, 
926,8929,144
927,87,x
928,48817,)i
929,1144, \
930,3677,").

"
931,55915,Therefore
932,11,","
933,18240, \(
934,1144, \
935,38118,frac
936,97165,{(
937,4161,96
938,489, +
939,220, 
940,8929,144
941,72,i
942,2432,)(
943,87,x
944,482, -
945,62797, yi
946,9317,)}
947,90,{
948,845,16
949,92,}
950,284, =
951,1144, \
952,38118,frac
953,90,{
954,4161,96
955,87,x
956,489, +
957,220, 
958,8929,144
959,88,y
960,15523,}{
961,845,16
962,92,}
963,489, +
964,1144, \
965,38118,frac
966,20597,{-
967,4161,96
968,88,y
969,489, +
970,220, 
971,8929,144
972,87,x
973,15523,}{
974,845,16
975,92,}
976,72,i
977,1144, \
978,3677,").

"
979,50,S
980,71306,implify
981,279, the
982,65995, fractions
983,512,":
"
984,12,-
985,18240, \(
986,1144, \
987,38118,frac
988,90,{
989,4161,96
990,87,x
991,489, +
992,220, 
993,8929,144
994,88,y
995,15523,}{
996,845,16
997,92,}
998,284, =
999,220, 
1000,21,6
1001,87,x
1002,489, +
1003,220, 
1004,24,9
1005,88,y
1006,1144, \
1007,4390,").
"
1008,12,-
1009,18240, \(
1010,1144, \
1011,38118,frac
1012,20597,{-
1013,4161,96
1014,88,y
1015,489, +
1016,220, 
1017,8929,144
1018,87,x
1019,15523,}{
1020,845,16
1021,92,}
1022,284, =
1023,482, -
1024,21,6
1025,88,y
1026,489, +
1027,220, 
1028,24,9
1029,87,x
1030,1144, \
1031,3677,").

"
1032,4516,So
1033,11,","
1034,279, the
1035,2132, second
1036,4751, term
1037,374, is
1038,18240, \(
1039,320, (
1040,21,6
1041,87,x
1042,489, +
1043,220, 
1044,24,9
1045,88,y
1046,8,)
1047,489, +
1048,10505, (-
1049,21,6
1050,88,y
1051,489, +
1052,220, 
1053,24,9
1054,87,x
1055,48817,)i
1056,1144, \
1057,3677,").

"
1058,7184,Now
1059,11,","
1060,1095, let
1061,596,'s
1062,16343, combine
1063,2225, both
1064,3878, terms
1065,311, to
1066,636, get
1067,279, the
1068,4553, entire
1069,7645, expression
1070,18240, \(
1071,469, E
1072,1144, \
1073,7887,"):

"
1074,5451,First
1075,4751, term
1076,25,:
1077,18240, \(
1078,320, (
1079,2075,75
1080,87,x
1081,482, -
1082,220, 
1083,8546,117
1084,88,y
1085,8,)
1086,489, +
1087,320, (
1088,2075,75
1089,88,y
1090,489, +
1091,220, 
1092,8546,117
1093,87,x
1094,48817,)i
1095,1144, \
1096,4390,").
"
1097,16041,Second
1098,4751, term
1099,25,:
1100,18240, \(
1101,320, (
1102,21,6
1103,87,x
1104,489, +
1105,220, 
1106,24,9
1107,88,y
1108,8,)
1109,489, +
1110,10505, (-
1111,21,6
1112,88,y
1113,489, +
1114,220, 
1115,24,9
1116,87,x
1117,48817,)i
1118,1144, \
1119,3677,").

"
1120,33408,Adding
1121,1124, them
1122,3871, together
1123,1473,":

"
1124,13058,Real
1125,5596, parts
1126,25,:
1127,18240, \(
1128,320, (
1129,2075,75
1130,87,x
1131,482, -
1132,220, 
1133,8546,117
1134,88,y
1135,8,)
1136,489, +
1137,320, (
1138,21,6
1139,87,x
1140,489, +
1141,220, 
1142,24,9
1143,88,y
1144,8,)
1145,284, =
1146,320, (
1147,2075,75
1148,87,x
1149,489, +
1150,220, 
1151,21,6
1152,87,x
1153,8,)
1154,489, +
1155,10505, (-
1156,8546,117
1157,88,y
1158,489, +
1159,220, 
1160,24,9
1161,88,y
1162,8,)
1163,284, =
1164,220, 
1165,5932,81
1166,87,x
1167,482, -
1168,220, 
1169,6640,108
1170,88,y
1171,1144, \
1172,3677,").

"
1173,1453,Im
1174,351,ag
1175,3367,inary
1176,5596, parts
1177,25,:
1178,18240, \(
1179,320, (
1180,2075,75
1181,88,y
1182,489, +
1183,220, 
1184,8546,117
1185,87,x
1186,8,)
1187,489, +
1188,10505, (-
1189,21,6
1190,88,y
1191,489, +
1192,220, 
1193,24,9
1194,87,x
1195,8,)
1196,284, =
1197,320, (
1198,2075,75
1199,88,y
1200,482, -
1201,220, 
1202,21,6
1203,88,y
1204,8,)
1205,489, +
1206,320, (
1207,8546,117
1208,87,x
1209,489, +
1210,220, 
1211,24,9
1212,87,x
1213,8,)
1214,284, =
1215,220, 
1216,3076,69
1217,88,y
1218,489, +
1219,220, 
1220,9390,126
1221,87,x
1222,1144, \
1223,3677,").

"
1224,4516,So
1225,11,","
1226,18240, \(
1227,469, E
1228,284, =
1229,320, (
1230,5932,81
1231,87,x
1232,482, -
1233,220, 
1234,6640,108
1235,88,y
1236,8,)
1237,489, +
1238,320, (
1239,9390,126
1240,87,x
1241,489, +
1242,220, 
1243,3076,69
1244,88,y
1245,48817,)i
1246,1144, \
1247,3677,").

"
1248,55915,Therefore
1249,11,","
1250,279, the
1251,1972, real
1252,961, part
1253,315, of
1254,18240, \(
1255,469, E
1256,1144, \
1257,8,)
1258,374, is
1259,18240, \(
1260,220, 
1261,5932,81
1262,87,x
1263,482, -
1264,220, 
1265,6640,108
1266,88,y
1267,1144, \
1268,570,).
1269,2100, So
1270,11,","
1271,584, we
1272,1205, need
1273,311, to
1274,35608, maximize
1275,18240, \(
1276,220, 
1277,5932,81
1278,87,x
1279,482, -
1280,220, 
1281,6640,108
1282,88,y
1283,1144, \
1284,8,)
1285,3917, subject
1286,311, to
1287,279, the
1288,22295, constraint
1289,18240, \(
1290,865, x
1291,61,^
1292,17,2
1293,489, +
1294,379, y
1295,61,^
1296,17,2
1297,284, =
1298,220, 
1299,845,16
1300,1144, \
1301,3677,").

"
1302,81122,Hmm
1303,11,","
1304,17339, okay
1305,11,","
1306,779, so
1307,420, this
1308,374, is
1309,1457, now
1310,264, a
1311,3575, problem
1312,315, of
1313,88278, maximizing
1314,264, a
1315,13790, linear
1316,734, function
1317,927, over
1318,264, a
1319,12960, circle
1320,13,.
1321,358, I
1322,6227, remember
1323,430, that
1324,279, the
1325,7340, maximum
1326,315, of
1327,264, a
1328,13790, linear
1329,734, function
1330,927, over
1331,264, a
1332,12960, circle
1333,649, can
1334,387, be
1335,1766, found
1336,1701, using
1337,279, the
1338,1749, method
1339,315, of
1340,33471, Lag
1341,9866,range
1342,7447, multi
1343,15532,pliers
1344,477, or
1345,555, by
1346,49183, recognizing
1347,430, that
1348,279, the
1349,7340, maximum
1350,13980, occurs
1351,520, at
1352,279, the
1353,1486, point
1354,1405, where
1355,279, the
1356,20779, gradient
1357,315, of
1358,279, the
1359,734, function
1360,374, is
1361,304, in
1362,279, the
1363,1890, same
1364,5216, direction
1365,439, as
1366,279, the
1367,20779, gradient
1368,315, of
1369,279, the
1370,22295, constraint
1371,382,".

"
1372,93114,Alternatively
1373,11,","
1374,2533, since
1375,279, the
1376,734, function
1377,374, is
1378,13790, linear
1379,11,","
1380,279, the
1381,7340, maximum
1382,690, will
1383,387, be
1384,17427, achieved
1385,520, at
1386,279, the
1387,1486, point
1388,389, on
1389,279, the
1390,12960, circle
1391,1405, where
1392,279, the
1393,4724, vector
1394,320, (
1395,5932,81
1396,11,","
1397,482, -
1398,6640,108
1399,8,)
1400,374, is
1401,304, in
1402,279, the
1403,1890, same
1404,5216, direction
1405,439, as
1406,279, the
1407,4724, vector
1408,320, (
1409,87,x
1410,11,","
1411,379, y
1412,570,).
1413,2100, So
1414,11,","
1415,279, the
1416,7340, maximum
1417,13980, occurs
1418,994, when
1419,320, (
1420,87,x
1421,11,","
1422,379, y
1423,8,)
1424,374, is
1425,304, in
1426,279, the
1427,5216, direction
1428,315, of
1429,320, (
1430,5932,81
1431,11,","
1432,482, -
1433,6640,108
1434,3677,").

"
1435,14524,Wait
1436,11,","
1437,1095, let
1438,757, me
1439,1781, think
1440,922, about
1441,430, that
1442,13,.
1443,578, The
1444,734, function
1445,311, to
1446,35608, maximize
1447,374, is
1448,18240, \(
1449,220, 
1450,5932,81
1451,87,x
1452,482, -
1453,220, 
1454,6640,108
1455,88,y
1456,1144, \
1457,705,"),"
1458,902, which
1459,649, can
1460,387, be
1461,5439, written
1462,439, as
1463,279, the
1464,13046, dot
1465,2027, product
1466,315, of
1467,18240, \(
1468,320, (
1469,87,x
1470,11,","
1471,379, y
1472,8,)
1473,1144, \
1474,8,)
1475,449, with
1476,18240, \(
1477,320, (
1478,5932,81
1479,11,","
1480,482, -
1481,6640,108
1482,8,)
1483,1144, \
1484,570,).
1485,2100, So
1486,11,","
1487,279, the
1488,7340, maximum
1489,907, value
1490,315, of
1491,420, this
1492,13046, dot
1493,2027, product
1494,927, over
1495,279, the
1496,12960, circle
1497,18240, \(
1498,865, x
1499,61,^
1500,17,2
1501,489, +
1502,379, y
1503,61,^
1504,17,2
1505,284, =
1506,220, 
1507,845,16
1508,1144, \
1509,8,)
1510,374, is
1511,6273, equal
1512,311, to
1513,279, the
1514,26703, magnitude
1515,315, of
1516,18240, \(
1517,320, (
1518,5932,81
1519,11,","
1520,482, -
1521,6640,108
1522,8,)
1523,1144, \
1524,8,)
1525,3115, times
1526,279, the
1527,26703, magnitude
1528,315, of
1529,18240, \(
1530,320, (
1531,87,x
1532,11,","
1533,379, y
1534,8,)
1535,1144, \
1536,8,)
1537,3115, times
1538,279, the
1539,76359, cosine
1540,315, of
1541,279, the
1542,9392, angle
1543,1990, between
1544,1124, them
1545,13,.
1546,8876, Since
1547,18240, \(
1548,765, |
1549,7,(
1550,87,x
1551,11,","
1552,379, y
1553,18419,)|
1554,284, =
1555,220, 
1556,19,4
1557,1144, \
1558,705,"),"
1559,279, the
1560,7340, maximum
1561,13980, occurs
1562,994, when
1563,279, the
1564,9392, angle
1565,374, is
1566,220, 
1567,15,0
1568,11,","
1569,779, so
1570,76359, cosine
1571,374, is
1572,220, 
1573,16,1
1574,13,.
1575,15636, Therefore
1576,11,","
1577,279, the
1578,7340, maximum
1579,374, is
1580,18240, \(
1581,765, |
1582,7,(
1583,5932,81
1584,11,","
1585,482, -
1586,6640,108
1587,18419,)|
1588,1144, \
1589,15487,times
1590,220, 
1591,19,4
1592,1144, \
1593,3677,").

"
1594,10267,Let
1595,757, me
1596,12849, compute
1597,18240, \(
1598,765, |
1599,7,(
1600,5932,81
1601,11,","
1602,482, -
1603,6640,108
1604,18419,)|
1605,1144, \
1606,570,).
1607,3011, That
1608,596,'s
1609,18240, \(
1610,1144, \
1611,27986,sqrt
1612,90,{
1613,5932,81
1614,61,^
1615,17,2
1616,489, +
1617,10505, (-
1618,6640,108
1619,30876,)^
1620,17,2
1621,92,}
1622,1144, \
1623,3677,").

"
1624,59008,Calcul
1625,1113,ating
1626,1473,":

"
1627,45392,\(
1628,220, 
1629,5932,81
1630,61,^
1631,17,2
1632,284, =
1633,220, 
1634,20744,656
1635,16,1
1636,1144, \
1637,340,")
"
1638,45392,\(
1639,10505, (-
1640,6640,108
1641,30876,)^
1642,17,2
1643,284, =
1644,220, 
1645,8027,116
1646,1227,64
1647,1144, \
1648,340,")
"
1649,4516,So
1650,11,","
1651,18240, \(
1652,220, 
1653,20744,656
1654,16,1
1655,489, +
1656,220, 
1657,8027,116
1658,1227,64
1659,284, =
1660,220, 
1661,10828,182
1662,914,25
1663,1144, \
1664,340,")
"
1665,55915,Therefore
1666,11,","
1667,18240, \(
1668,765, |
1669,7,(
1670,5932,81
1671,11,","
1672,482, -
1673,6640,108
1674,18419,)|
1675,284, =
1676,1144, \
1677,27986,sqrt
1678,90,{
1679,10828,182
1680,914,25
1681,92,}
1682,284, =
1683,220, 
1684,8878,135
1685,1144, \
1686,3677,").

"
1687,4516,So
1688,11,","
1689,279, the
1690,7340, maximum
1691,907, value
1692,315, of
1693,18240, \(
1694,220, 
1695,5932,81
1696,87,x
1697,482, -
1698,220, 
1699,6640,108
1700,88,y
1701,1144, \
1702,8,)
1703,374, is
1704,18240, \(
1705,220, 
1706,8878,135
1707,1144, \
1708,15487,times
1709,220, 
1710,19,4
1711,284, =
1712,220, 
1713,17048,540
1714,1144, \
1715,3677,").

"
1716,14524,Wait
1717,11,","
1718,3412, hold
1719,389, on
1720,13,.
1721,2209, Is
1722,430, that
1723,4495, correct
1724,30,?
1725,6914, Let
1726,757, me
1727,10356, verify
1728,382,".

"
1729,93114,Alternatively
1730,11,","
1731,358, I
1732,649, can
1733,1005, use
1734,279, the
1735,14751, Ca
1736,1412,uch
1737,88,y
1738,6354,-S
1739,331,ch
1740,45804,warz
1741,32305, inequality
1742,13,.
1743,578, The
1744,7340, maximum
1745,315, of
1746,18240, \(
1747,264, a
1748,865, x
1749,489, +
1750,293, b
1751,379, y
1752,1144, \
1753,8,)
1754,927, over
1755,18240, \(
1756,865, x
1757,61,^
1758,17,2
1759,489, +
1760,379, y
1761,61,^
1762,17,2
1763,284, =
1764,436, r
1765,61,^
1766,17,2
1767,1144, \
1768,8,)
1769,374, is
1770,18240, \(
1771,436, r
1772,1144, \
1773,27986,sqrt
1774,90,{
1775,64,a
1776,61,^
1777,17,2
1778,489, +
1779,293, b
1780,61,^
1781,17,2
1782,92,}
1783,1144, \
1784,570,).
1785,2100, So
1786,11,","
1787,304, in
1788,420, this
1789,1162, case
1790,11,","
1791,18240, \(
1792,264, a
1793,284, =
1794,220, 
1795,5932,81
1796,1144, \
1797,705,"),"
1798,18240, \(
1799,293, b
1800,284, =
1801,482, -
1802,6640,108
1803,1144, \
1804,705,"),"
1805,323, and
1806,18240, \(
1807,436, r
1808,284, =
1809,220, 
1810,19,4
1811,1144, \
1812,570,).
1813,2100, So
1814,11,","
1815,279, the
1816,7340, maximum
1817,374, is
1818,18240, \(
1819,220, 
1820,19,4
1821,1144, \
1822,15487,times
1823,1144, \
1824,27986,sqrt
1825,90,{
1826,5932,81
1827,61,^
1828,17,2
1829,489, +
1830,10505, (-
1831,6640,108
1832,30876,)^
1833,17,2
1834,92,}
1835,284, =
1836,220, 
1837,19,4
1838,1144, \
1839,15487,times
1840,220, 
1841,8878,135
1842,284, =
1843,220, 
1844,17048,540
1845,1144, \
1846,570,).
1847,2100, So
1848,11,","
1849,430, that
1850,5084, seems
1851,4495, correct
1852,382,".

"
1853,55915,Therefore
1854,11,","
1855,279, the
1856,7928, largest
1857,3284, possible
1858,1972, real
1859,961, part
1860,315, of
1861,18240, \(
1862,469, E
1863,1144, \
1864,8,)
1865,374, is
1866,220, 
1867,17048,540
1868,382,".

"
1869,4071,But
1870,3868, wait
1871,11,","
1872,1095, let
1873,757, me
1874,1304, make
1875,2771, sure
1876,358, I
1877,3287, didn
1878,956,'t
1879,1304, make
1880,264, a
1881,16930, mistake
1882,304, in
1883,25213, computing
1884,279, the
1885,1972, real
1886,961, part
1887,13,.
1888,6914, Let
1889,757, me
1890,733, go
1891,1203, back
1892,1555, through
1893,856, my
1894,7504, steps
1895,382,".

"
1896,25639,Starting
1897,449, with
1898,18240, \(
1899,469, E
1900,284, =
1901,320, (
1902,2075,75
1903,489, +
1904,220, 
1905,8546,117
1906,72,i
1907,8,)
1908,89,z
1909,489, +
1910,1144, \
1911,38118,frac
1912,90,{
1913,4161,96
1914,489, +
1915,220, 
1916,8929,144
1917,72,i
1918,15523,}{
1919,89,z
1920,92,}
1921,1144, \
1922,570,).
1923,358, I
1924,6267, wrote
1925,18240, \(
1926,1167, z
1927,284, =
1928,865, x
1929,489, +
1930,62797, yi
1931,1144, \
1932,705,"),"
1933,1243, then
1934,25157, computed
1935,1855, each
1936,4751, term
1937,382,".

"
1938,5451,First
1939,4751, term
1940,25,:
1941,18240, \(
1942,320, (
1943,2075,75
1944,489, +
1945,220, 
1946,8546,117
1947,72,i
1948,2432,)(
1949,87,x
1950,489, +
1951,62797, yi
1952,8,)
1953,1144, \
1954,570,).
1955,358, I
1956,17626, expanded
1957,430, that
1958,311, to
1959,18240, \(
1960,220, 
1961,2075,75
1962,87,x
1963,482, -
1964,220, 
1965,8546,117
1966,88,y
1967,489, +
1968,320, (
1969,2075,75
1970,88,y
1971,489, +
1972,220, 
1973,8546,117
1974,87,x
1975,48817,)i
1976,1144, \
1977,570,).
1978,6914, Let
1979,757, me
1980,1817, check
1981,430, that
1982,1473,":

"
1983,45392,\(
1984,320, (
1985,2075,75
1986,489, +
1987,220, 
1988,8546,117
1989,72,i
1990,2432,)(
1991,87,x
1992,489, +
1993,62797, yi
1994,8,)
1995,284, =
1996,220, 
1997,2075,75
1998,87,x
1999,489, +
2000,220, 
2001,2075,75
2002,39172,yi
2003,489, +
2004,220, 
2005,8546,117
2006,72,i
2007,865, x
2008,489, +
2009,220, 
2010,8546,117
2011,72,i
2012,61,^
2013,17,2
2014,379, y
2015,284, =
2016,220, 
2017,2075,75
2018,87,x
2019,489, +
2020,320, (
2021,2075,75
2022,88,y
2023,489, +
2024,220, 
2025,8546,117
2026,87,x
2027,48817,)i
2028,482, -
2029,220, 
2030,8546,117
2031,88,y
2032,1144, \
2033,570,).
2034,7566, Yes
2035,11,","
2036,430, that
2037,596,'s
2038,4495, correct
2039,382,".

"
2040,16041,Second
2041,4751, term
2042,25,:
2043,18240, \(
2044,1144, \
2045,38118,frac
2046,90,{
2047,4161,96
2048,489, +
2049,220, 
2050,8929,144
2051,72,i
2052,15523,}{
2053,89,z
2054,92,}
2055,284, =
2056,1144, \
2057,38118,frac
2058,90,{
2059,4161,96
2060,489, +
2061,220, 
2062,8929,144
2063,72,i
2064,15523,}{
2065,87,x
2066,489, +
2067,62797, yi
2068,92,}
2069,1144, \
2070,15487,times
2071,1144, \
2072,38118,frac
2073,46440,{x
2074,482, -
2075,62797, yi
2076,15523,}{
2077,87,x
2078,61,^
2079,17,2
2080,489, +
2081,379, y
2082,61,^
2083,17,2
2084,92,}
2085,284, =
2086,1144, \
2087,38118,frac
2088,97165,{(
2089,4161,96
2090,489, +
2091,220, 
2092,8929,144
2093,72,i
2094,2432,)(
2095,87,x
2096,482, -
2097,62797, yi
2098,9317,)}
2099,90,{
2100,845,16
2101,92,}
2102,1144, \
2103,570,).
2104,5112, Then
2105,11,","
2106,24050, expanding
2107,430, that
2108,1473,":

"
2109,45392,\(
2110,220, 
2111,4161,96
2112,87,x
2113,482, -
2114,220, 
2115,4161,96
2116,39172,yi
2117,489, +
2118,220, 
2119,8929,144
2120,72,i
2121,865, x
2122,482, -
2123,220, 
2124,8929,144
2125,72,i
2126,61,^
2127,17,2
2128,379, y
2129,284, =
2130,220, 
2131,4161,96
2132,87,x
2133,489, +
2134,220, 
2135,8929,144
2136,88,y
2137,489, +
2138,10505, (-
2139,4161,96
2140,88,y
2141,489, +
2142,220, 
2143,8929,144
2144,87,x
2145,48817,)i
2146,1144, \
2147,570,).
2148,8940, Div
2149,4591,ided
2150,555, by
2151,220, 
2152,845,16
2153,11,","
2154,430, that
2155,596,'s
2156,18240, \(
2157,220, 
2158,21,6
2159,87,x
2160,489, +
2161,220, 
2162,24,9
2163,88,y
2164,489, +
2165,10505, (-
2166,21,6
2167,88,y
2168,489, +
2169,220, 
2170,24,9
2171,87,x
2172,48817,)i
2173,1144, \
2174,570,).
2175,3011, That
2176,5084, seems
2177,4495, correct
2178,382,".

"
2179,33408,Adding
2180,2225, both
2181,3878, terms
2182,1473,":

"
2183,5451,First
2184,4751, term
2185,25,:
2186,18240, \(
2187,320, (
2188,2075,75
2189,87,x
2190,482, -
2191,220, 
2192,8546,117
2193,88,y
2194,8,)
2195,489, +
2196,320, (
2197,2075,75
2198,88,y
2199,489, +
2200,220, 
2201,8546,117
2202,87,x
2203,48817,)i
2204,1144, \
2205,340,")
"
2206,16041,Second
2207,4751, term
2208,25,:
2209,18240, \(
2210,320, (
2211,21,6
2212,87,x
2213,489, +
2214,220, 
2215,24,9
2216,88,y
2217,8,)
2218,489, +
2219,10505, (-
2220,21,6
2221,88,y
2222,489, +
2223,220, 
2224,24,9
2225,87,x
2226,48817,)i
2227,1144, \
2228,340,")
"
2229,33408,Adding
2230,1972, real
2231,5596, parts
2232,25,:
2233,18240, \(
2234,220, 
2235,2075,75
2236,87,x
2237,482, -
2238,220, 
2239,8546,117
2240,88,y
2241,489, +
2242,220, 
2243,21,6
2244,87,x
2245,489, +
2246,220, 
2247,24,9
2248,88,y
2249,284, =
2250,220, 
2251,5932,81
2252,87,x
2253,482, -
2254,220, 
2255,6640,108
2256,88,y
2257,1144, \
2258,340,")
"
2259,33408,Adding
2260,51052, imaginary
2261,5596, parts
2262,25,:
2263,18240, \(
2264,220, 
2265,2075,75
2266,88,y
2267,489, +
2268,220, 
2269,8546,117
2270,87,x
2271,482, -
2272,220, 
2273,21,6
2274,88,y
2275,489, +
2276,220, 
2277,24,9
2278,87,x
2279,284, =
2280,220, 
2281,3076,69
2282,88,y
2283,489, +
2284,220, 
2285,9390,126
2286,87,x
2287,1144, \
2288,340,")
"
2289,4516,So
2290,11,","
2291,18240, \(
2292,469, E
2293,284, =
2294,320, (
2295,5932,81
2296,87,x
2297,482, -
2298,220, 
2299,6640,108
2300,88,y
2301,8,)
2302,489, +
2303,320, (
2304,9390,126
2305,87,x
2306,489, +
2307,220, 
2308,3076,69
2309,88,y
2310,48817,)i
2311,1144, \
2312,570,).
2313,2100, So
2314,11,","
2315,279, the
2316,1972, real
2317,961, part
2318,374, is
2319,13118, indeed
2320,18240, \(
2321,220, 
2322,5932,81
2323,87,x
2324,482, -
2325,220, 
2326,6640,108
2327,88,y
2328,1144, \
2329,3677,").

"
2330,4516,So
2331,11,","
2332,279, the
2333,7340, maximum
2334,315, of
2335,18240, \(
2336,220, 
2337,5932,81
2338,87,x
2339,482, -
2340,220, 
2341,6640,108
2342,88,y
2343,1144, \
2344,8,)
2345,449, with
2346,18240, \(
2347,865, x
2348,61,^
2349,17,2
2350,489, +
2351,379, y
2352,61,^
2353,17,2
2354,284, =
2355,220, 
2356,845,16
2357,1144, \
2358,8,)
2359,374, is
2360,220, 
2361,17048,540
2362,13,.
2363,15636, Therefore
2364,11,","
2365,279, the
2366,7928, largest
2367,3284, possible
2368,1972, real
2369,961, part
2370,374, is
2371,220, 
2372,17048,540
2373,382,".

"
2374,14524,Wait
2375,11,","
2376,719, but
2377,1120, just
2378,311, to
2379,387, be
2380,17879, thorough
2381,11,","
2382,1095, let
2383,757, me
2384,1781, think
2385,422, if
2386,1070, there
2387,596,'s
2388,2500, another
2389,1648, way
2390,311, to
2391,5603, approach
2392,420, this
2393,3575, problem
2394,11,","
2395,7344, maybe
2396,555, by
2397,1701, using
2398,25685, polar
2399,7739, forms
2400,477, or
2401,2555, something
2402,775, else
2403,382,".

"
2404,93114,Alternatively
2405,11,","
2406,2533, since
2407,18240, \(
2408,765, |
2409,89,z
2410,91,|
2411,284, =
2412,220, 
2413,19,4
2414,1144, \
2415,705,"),"
2416,584, we
2417,649, can
2418,3350, write
2419,18240, \(
2420,1167, z
2421,284, =
2422,220, 
2423,19,4
2424,384, e
2425,48922,^{
2426,72,i
2427,59,\
2428,16356,theta
2429,92,}
2430,1144, \
2431,705,"),"
2432,1405, where
2433,18240, \(
2434,1144, \
2435,16356,theta
2436,1144, \
2437,8,)
2438,374, is
2439,279, the
2440,5811, argument
2441,315, of
2442,18240, \(
2443,1167, z
2444,1144, \
2445,570,).
2446,5112, Then
2447,11,","
2448,18240, \(
2449,1144, \
2450,38118,frac
2451,90,{
2452,16,1
2453,15523,}{
2454,89,z
2455,92,}
2456,284, =
2457,1144, \
2458,38118,frac
2459,90,{
2460,16,1
2461,15523,}{
2462,19,4
2463,92,}
2464,384, e
2465,88310,^{-
2466,72,i
2467,59,\
2468,16356,theta
2469,92,}
2470,1144, \
2471,3677,").

"
2472,4516,So
2473,11,","
2474,1095, let
2475,596,'s
2476,3237, express
2477,18240, \(
2478,469, E
2479,1144, \
2480,8,)
2481,304, in
2482,3878, terms
2483,315, of
2484,18240, \(
2485,1144, \
2486,16356,theta
2487,1144, \
2488,7887,"):

"
2489,45392,\(
2490,469, E
2491,284, =
2492,320, (
2493,2075,75
2494,489, +
2495,220, 
2496,8546,117
2497,72,i
2498,8,)
2499,1144, \
2500,51953,cdot
2501,220, 
2502,19,4
2503,384, e
2504,48922,^{
2505,72,i
2506,59,\
2507,16356,theta
2508,92,}
2509,489, +
2510,1144, \
2511,38118,frac
2512,90,{
2513,4161,96
2514,489, +
2515,220, 
2516,8929,144
2517,72,i
2518,15523,}{
2519,19,4
2520,92,}
2521,384, e
2522,88310,^{-
2523,72,i
2524,59,\
2525,16356,theta
2526,92,}
2527,1144, \
2528,3677,").

"
2529,50,S
2530,71306,implify
2531,279, the
2532,18508, constants
2533,1473,":

"
2534,45392,\(
2535,469, E
2536,284, =
2537,220, 
2538,19,4
2539,7,(
2540,2075,75
2541,489, +
2542,220, 
2543,8546,117
2544,72,i
2545,8,)
2546,384, e
2547,48922,^{
2548,72,i
2549,59,\
2550,16356,theta
2551,92,}
2552,489, +
2553,1144, \
2554,38118,frac
2555,90,{
2556,4161,96
2557,489, +
2558,220, 
2559,8929,144
2560,72,i
2561,15523,}{
2562,19,4
2563,92,}
2564,384, e
2565,88310,^{-
2566,72,i
2567,59,\
2568,16356,theta
2569,92,}
2570,1144, \
2571,3677,").

"
2572,47354,Compute
2573,18240, \(
2574,220, 
2575,19,4
2576,7,(
2577,2075,75
2578,489, +
2579,220, 
2580,8546,117
2581,72,i
2582,8,)
2583,1144, \
2584,7887,"):

"
2585,45392,\(
2586,220, 
2587,19,4
2588,1144, \
2589,15487,times
2590,220, 
2591,2075,75
2592,284, =
2593,220, 
2594,3101,300
2595,1144, \
2596,340,")
"
2597,45392,\(
2598,220, 
2599,19,4
2600,1144, \
2601,15487,times
2602,220, 
2603,8546,117
2604,72,i
2605,284, =
2606,220, 
2607,20304,468
2608,72,i
2609,1144, \
2610,340,")
"
2611,4516,So
2612,11,","
2613,18240, \(
2614,220, 
2615,19,4
2616,7,(
2617,2075,75
2618,489, +
2619,220, 
2620,8546,117
2621,72,i
2622,8,)
2623,284, =
2624,220, 
2625,3101,300
2626,489, +
2627,220, 
2628,20304,468
2629,72,i
2630,1144, \
2631,3677,").

"
2632,47354,Compute
2633,18240, \(
2634,1144, \
2635,38118,frac
2636,90,{
2637,4161,96
2638,489, +
2639,220, 
2640,8929,144
2641,72,i
2642,15523,}{
2643,19,4
2644,92,}
2645,1144, \
2646,7887,"):

"
2647,45392,\(
2648,220, 
2649,4161,96
2650,611, /
2651,220, 
2652,19,4
2653,284, =
2654,220, 
2655,1187,24
2656,1144, \
2657,340,")
"
2658,45392,\(
2659,220, 
2660,8929,144
2661,72,i
2662,611, /
2663,220, 
2664,19,4
2665,284, =
2666,220, 
2667,1927,36
2668,72,i
2669,1144, \
2670,340,")
"
2671,4516,So
2672,11,","
2673,18240, \(
2674,1144, \
2675,38118,frac
2676,90,{
2677,4161,96
2678,489, +
2679,220, 
2680,8929,144
2681,72,i
2682,15523,}{
2683,19,4
2684,92,}
2685,284, =
2686,220, 
2687,1187,24
2688,489, +
2689,220, 
2690,1927,36
2691,72,i
2692,1144, \
2693,3677,").

"
2694,55915,Therefore
2695,11,","
2696,18240, \(
2697,469, E
2698,284, =
2699,320, (
2700,3101,300
2701,489, +
2702,220, 
2703,20304,468
2704,72,i
2705,8,)
2706,384, e
2707,48922,^{
2708,72,i
2709,59,\
2710,16356,theta
2711,92,}
2712,489, +
2713,320, (
2714,1187,24
2715,489, +
2716,220, 
2717,1927,36
2718,72,i
2719,8,)
2720,384, e
2721,88310,^{-
2722,72,i
2723,59,\
2724,16356,theta
2725,92,}
2726,1144, \
2727,3677,").

"
2728,7184,Now
2729,11,","
2730,1095, let
2731,596,'s
2732,3237, express
2733,18240, \(
2734,384, e
2735,48922,^{
2736,72,i
2737,59,\
2738,16356,theta
2739,92,}
2740,1144, \
2741,8,)
2742,323, and
2743,18240, \(
2744,384, e
2745,88310,^{-
2746,72,i
2747,59,\
2748,16356,theta
2749,92,}
2750,1144, \
2751,8,)
2752,304, in
2753,3878, terms
2754,315, of
2755,76359, cosine
2756,323, and
2757,58768, sine
2758,1473,":

"
2759,45392,\(
2760,384, e
2761,48922,^{
2762,72,i
2763,59,\
2764,16356,theta
2765,92,}
2766,284, =
2767,1144, \
2768,9594,cos
2769,59,\
2770,16356,theta
2771,489, +
2772,602, i
2773,59,\
2774,16319,sin
2775,59,\
2776,16356,theta
2777,1144, \
2778,340,")
"
2779,45392,\(
2780,384, e
2781,88310,^{-
2782,72,i
2783,59,\
2784,16356,theta
2785,92,}
2786,284, =
2787,1144, \
2788,9594,cos
2789,59,\
2790,16356,theta
2791,482, -
2792,602, i
2793,59,\
2794,16319,sin
2795,59,\
2796,16356,theta
2797,1144, \
2798,696,")

"
2799,4516,So
2800,11,","
2801,32434, substit
2802,10831,uting
2803,1203, back
2804,1139, into
2805,18240, \(
2806,469, E
2807,1144, \
2808,7887,"):

"
2809,45392,\(
2810,469, E
2811,284, =
2812,320, (
2813,3101,300
2814,489, +
2815,220, 
2816,20304,468
2817,72,i
2818,2432,)(
2819,59,\
2820,9594,cos
2821,59,\
2822,16356,theta
2823,489, +
2824,602, i
2825,59,\
2826,16319,sin
2827,59,\
2828,16356,theta
2829,8,)
2830,489, +
2831,320, (
2832,1187,24
2833,489, +
2834,220, 
2835,1927,36
2836,72,i
2837,2432,)(
2838,59,\
2839,9594,cos
2840,59,\
2841,16356,theta
2842,482, -
2843,602, i
2844,59,\
2845,16319,sin
2846,59,\
2847,16356,theta
2848,8,)
2849,1144, \
2850,696,")

"
2851,10267,Let
2852,757, me
2853,12849, compute
2854,1855, each
2855,4751, term
2856,26214, separately
2857,382,".

"
2858,5451,First
2859,4751, term
2860,25,:
2861,18240, \(
2862,320, (
2863,3101,300
2864,489, +
2865,220, 
2866,20304,468
2867,72,i
2868,2432,)(
2869,59,\
2870,9594,cos
2871,59,\
2872,16356,theta
2873,489, +
2874,602, i
2875,59,\
2876,16319,sin
2877,59,\
2878,16356,theta
2879,8,)
2880,1144, \
2881,340,")
"
2882,16041,Second
2883,4751, term
2884,25,:
2885,18240, \(
2886,320, (
2887,1187,24
2888,489, +
2889,220, 
2890,1927,36
2891,72,i
2892,2432,)(
2893,59,\
2894,9594,cos
2895,59,\
2896,16356,theta
2897,482, -
2898,602, i
2899,59,\
2900,16319,sin
2901,59,\
2902,16356,theta
2903,8,)
2904,1144, \
2905,696,")

"
2906,47354,Compute
2907,279, the
2908,1176, first
2909,4751, term
2910,1473,":

"
2911,45392,\(
2912,220, 
2913,3101,300
2914,59,\
2915,9594,cos
2916,59,\
2917,16356,theta
2918,489, +
2919,220, 
2920,3101,300
2921,72,i
2922,59,\
2923,16319,sin
2924,59,\
2925,16356,theta
2926,489, +
2927,220, 
2928,20304,468
2929,72,i
2930,59,\
2931,9594,cos
2932,59,\
2933,16356,theta
2934,489, +
2935,220, 
2936,20304,468
2937,72,i
2938,61,^
2939,17,2
2940,59,\
2941,16319,sin
2942,59,\
2943,16356,theta
2944,1144, \
2945,340,")
"
2946,50,S
2947,71306,implify
2948,512,":
"
2949,45392,\(
2950,220, 
2951,3101,300
2952,59,\
2953,9594,cos
2954,59,\
2955,16356,theta
2956,489, +
2957,320, (
2958,3101,300
2959,59,\
2960,16319,sin
2961,59,\
2962,16356,theta
2963,489, +
2964,220, 
2965,20304,468
2966,59,\
2967,9594,cos
2968,59,\
2969,16356,theta
2970,48817,)i
2971,482, -
2972,220, 
2973,20304,468
2974,59,\
2975,16319,sin
2976,59,\
2977,16356,theta
2978,1144, \
2979,340,")
"
2980,4516,So
2981,11,","
2982,1972, real
2983,961, part
2984,25,:
2985,18240, \(
2986,220, 
2987,3101,300
2988,59,\
2989,9594,cos
2990,59,\
2991,16356,theta
2992,482, -
2993,220, 
2994,20304,468
2995,59,\
2996,16319,sin
2997,59,\
2998,16356,theta
2999,1144, \
3000,340,")
"
3001,1453,Im
3002,351,ag
3003,3367,inary
3004,961, part
3005,25,:
3006,18240, \(
3007,320, (
3008,3101,300
3009,59,\
3010,16319,sin
3011,59,\
3012,16356,theta
3013,489, +
3014,220, 
3015,20304,468
3016,59,\
3017,9594,cos
3018,59,\
3019,16356,theta
3020,48817,)i
3021,1144, \
3022,696,")

"
3023,47354,Compute
3024,279, the
3025,2132, second
3026,4751, term
3027,1473,":

"
3028,45392,\(
3029,220, 
3030,1187,24
3031,59,\
3032,9594,cos
3033,59,\
3034,16356,theta
3035,482, -
3036,220, 
3037,1187,24
3038,72,i
3039,59,\
3040,16319,sin
3041,59,\
3042,16356,theta
3043,489, +
3044,220, 
3045,1927,36
3046,72,i
3047,59,\
3048,9594,cos
3049,59,\
3050,16356,theta
3051,482, -
3052,220, 
3053,1927,36
3054,72,i
3055,61,^
3056,17,2
3057,59,\
3058,16319,sin
3059,59,\
3060,16356,theta
3061,1144, \
3062,340,")
"
3063,50,S
3064,71306,implify
3065,512,":
"
3066,45392,\(
3067,220, 
3068,1187,24
3069,59,\
3070,9594,cos
3071,59,\
3072,16356,theta
3073,489, +
3074,10505, (-
3075,1187,24
3076,59,\
3077,16319,sin
3078,59,\
3079,16356,theta
3080,489, +
3081,220, 
3082,1927,36
3083,59,\
3084,9594,cos
3085,59,\
3086,16356,theta
3087,48817,)i
3088,489, +
3089,220, 
3090,1927,36
3091,59,\
3092,16319,sin
3093,59,\
3094,16356,theta
3095,1144, \
3096,340,")
"
3097,4516,So
3098,11,","
3099,1972, real
3100,961, part
3101,25,:
3102,18240, \(
3103,220, 
3104,1187,24
3105,59,\
3106,9594,cos
3107,59,\
3108,16356,theta
3109,489, +
3110,220, 
3111,1927,36
3112,59,\
3113,16319,sin
3114,59,\
3115,16356,theta
3116,1144, \
3117,340,")
"
3118,1453,Im
3119,351,ag
3120,3367,inary
3121,961, part
3122,25,:
3123,18240, \(
3124,10505, (-
3125,1187,24
3126,59,\
3127,16319,sin
3128,59,\
3129,16356,theta
3130,489, +
3131,220, 
3132,1927,36
3133,59,\
3134,9594,cos
3135,59,\
3136,16356,theta
3137,48817,)i
3138,1144, \
3139,696,")

"
3140,7184,Now
3141,11,","
3142,923, add
3143,2225, both
3144,3878, terms
3145,3871, together
3146,1473,":

"
3147,13058,Real
3148,5596, parts
3149,25,:
3150,18240, \(
3151,320, (
3152,3101,300
3153,59,\
3154,9594,cos
3155,59,\
3156,16356,theta
3157,482, -
3158,220, 
3159,20304,468
3160,59,\
3161,16319,sin
3162,59,\
3163,16356,theta
3164,8,)
3165,489, +
3166,320, (
3167,1187,24
3168,59,\
3169,9594,cos
3170,59,\
3171,16356,theta
3172,489, +
3173,220, 
3174,1927,36
3175,59,\
3176,16319,sin
3177,59,\
3178,16356,theta
3179,8,)
3180,284, =
3181,320, (
3182,3101,300
3183,489, +
3184,220, 
3185,1187,24
3186,10929,)\
3187,9594,cos
3188,59,\
3189,16356,theta
3190,489, +
3191,10505, (-
3192,20304,468
3193,489, +
3194,220, 
3195,1927,36
3196,10929,)\
3197,16319,sin
3198,59,\
3199,16356,theta
3200,284, =
3201,220, 
3202,16723,324
3203,59,\
3204,9594,cos
3205,59,\
3206,16356,theta
3207,482, -
3208,220, 
3209,16739,432
3210,59,\
3211,16319,sin
3212,59,\
3213,16356,theta
3214,1144, \
3215,696,")

"
3216,1453,Im
3217,351,ag
3218,3367,inary
3219,5596, parts
3220,25,:
3221,18240, \(
3222,320, (
3223,3101,300
3224,59,\
3225,16319,sin
3226,59,\
3227,16356,theta
3228,489, +
3229,220, 
3230,20304,468
3231,59,\
3232,9594,cos
3233,59,\
3234,16356,theta
3235,8,)
3236,489, +
3237,10505, (-
3238,1187,24
3239,59,\
3240,16319,sin
3241,59,\
3242,16356,theta
3243,489, +
3244,220, 
3245,1927,36
3246,59,\
3247,9594,cos
3248,59,\
3249,16356,theta
3250,8,)
3251,284, =
3252,320, (
3253,3101,300
3254,482, -
3255,220, 
3256,1187,24
3257,10929,)\
3258,16319,sin
3259,59,\
3260,16356,theta
3261,489, +
3262,320, (
3263,20304,468
3264,489, +
3265,220, 
3266,1927,36
3267,10929,)\
3268,9594,cos
3269,59,\
3270,16356,theta
3271,284, =
3272,220, 
3273,16660,276
3274,59,\
3275,16319,sin
3276,59,\
3277,16356,theta
3278,489, +
3279,220, 
3280,18048,504
3281,59,\
3282,9594,cos
3283,59,\
3284,16356,theta
3285,1144, \
3286,696,")

"
3287,4516,So
3288,11,","
3289,18240, \(
3290,469, E
3291,284, =
3292,320, (
3293,16723,324
3294,59,\
3295,9594,cos
3296,59,\
3297,16356,theta
3298,482, -
3299,220, 
3300,16739,432
3301,59,\
3302,16319,sin
3303,59,\
3304,16356,theta
3305,8,)
3306,489, +
3307,320, (
3308,18048,504
3309,59,\
3310,9594,cos
3311,59,\
3312,16356,theta
3313,489, +
3314,220, 
3315,16660,276
3316,59,\
3317,16319,sin
3318,59,\
3319,16356,theta
3320,48817,)i
3321,1144, \
3322,696,")

"
3323,55915,Therefore
3324,11,","
3325,279, the
3326,1972, real
3327,961, part
3328,315, of
3329,18240, \(
3330,469, E
3331,1144, \
3332,8,)
3333,374, is
3334,18240, \(
3335,220, 
3336,16723,324
3337,59,\
3338,9594,cos
3339,59,\
3340,16356,theta
3341,482, -
3342,220, 
3343,16739,432
3344,59,\
3345,16319,sin
3346,59,\
3347,16356,theta
3348,1144, \
3349,570,).
3350,2100, So
3351,11,","
3352,584, we
3353,1205, need
3354,311, to
3355,1505, find
3356,279, the
3357,7340, maximum
3358,315, of
3359,18240, \(
3360,220, 
3361,16723,324
3362,59,\
3363,9594,cos
3364,59,\
3365,16356,theta
3366,482, -
3367,220, 
3368,16739,432
3369,59,\
3370,16319,sin
3371,59,\
3372,16356,theta
3373,1144, \
3374,3677,").

"
3375,81122,Hmm
3376,11,","
3377,420, this
3378,5084, seems
3379,4528, similar
3380,311, to
3381,279, the
3382,3766, previous
3383,5603, approach
3384,719, but
3385,304, in
3386,3878, terms
3387,315, of
3388,18240, \(
3389,1144, \
3390,16356,theta
3391,1144, \
3392,570,).
3393,6914, Let
3394,757, me
3395,1518, see
3396,422, if
3397,358, I
3398,649, can
3399,3350, write
3400,420, this
3401,439, as
3402,264, a
3403,3254, single
3404,76914, sinus
3405,71916,oidal
3406,734, function
3407,382,".

"
3408,3905,Rec
3409,543,all
3410,430, that
3411,18240, \(
3412,264, a
3413,59,\
3414,9594,cos
3415,59,\
3416,16356,theta
3417,489, +
3418,293, b
3419,59,\
3420,16319,sin
3421,59,\
3422,16356,theta
3423,284, =
3424,432, R
3425,59,\
3426,9594,cos
3427,11781,(\
3428,16356,theta
3429,482, -
3430,1144, \
3431,17247,phi
3432,8,)
3433,1144, \
3434,705,"),"
3435,1405, where
3436,18240, \(
3437,432, R
3438,284, =
3439,1144, \
3440,27986,sqrt
3441,90,{
3442,64,a
3443,61,^
3444,17,2
3445,489, +
3446,293, b
3447,61,^
3448,17,2
3449,92,}
3450,1144, \
3451,8,)
3452,323, and
3453,18240, \(
3454,1144, \
3455,53691,tan
3456,59,\
3457,17247,phi
3458,284, =
3459,1144, \
3460,38118,frac
3461,90,{
3462,65,b
3463,15523,}{
3464,64,a
3465,92,}
3466,1144, \
3467,3677,").

"
3468,4071,But
3469,304, in
3470,1057, our
3471,1162, case
3472,11,","
3473,433, it
3474,596,'s
3475,18240, \(
3476,220, 
3477,16723,324
3478,59,\
3479,9594,cos
3480,59,\
3481,16356,theta
3482,482, -
3483,220, 
3484,16739,432
3485,59,\
3486,16319,sin
3487,59,\
3488,16356,theta
3489,1144, \
3490,570,).
3491,2100, So
3492,11,","
3493,18240, \(
3494,264, a
3495,284, =
3496,220, 
3497,16723,324
3498,1144, \
3499,705,"),"
3500,18240, \(
3501,293, b
3502,284, =
3503,482, -
3504,16739,432
3505,1144, \
3506,3677,").

"
3507,4516,So
3508,11,","
3509,18240, \(
3510,432, R
3511,284, =
3512,1144, \
3513,27986,sqrt
3514,90,{
3515,16723,324
3516,61,^
3517,17,2
3518,489, +
3519,10505, (-
3520,16739,432
3521,30876,)^
3522,17,2
3523,92,}
3524,1144, \
3525,3677,").

"
3526,47354,Compute
3527,18240, \(
3528,220, 
3529,16723,324
3530,61,^
3531,17,2
3532,1144, \
3533,997,"):
"
3534,16723,324
3535,353, *
3536,220, 
3537,16723,324
3538,25,:
3539,6914, Let
3540,596,'s
3541,12849, compute
3542,220, 
3543,3101,300
3544,61,^
3545,17,2
3546,284, =
3547,220, 
3548,7467,900
3549,410,00
3550,11,","
3551,220, 
3552,1187,24
3553,61,^
3554,17,2
3555,284, =
3556,220, 
3557,20758,576
3558,11,","
3559,323, and
3560,5425, cross
3561,4751, term
3562,220, 
3563,17,2
3564,9,*
3565,3101,300
3566,9,*
3567,1187,24
3568,28,=
3569,8929,144
3570,410,00
3571,13,.
3572,2100, So
3573,11,","
3574,320, (
3575,3101,300
3576,489, +
3577,220, 
3578,1187,24
3579,30876,)^
3580,17,2
3581,284, =
3582,220, 
3583,7467,900
3584,410,00
3585,489, +
3586,220, 
3587,8929,144
3588,410,00
3589,489, +
3590,220, 
3591,20758,576
3592,284, =
3593,220, 
3594,6550,105
3595,11,","
3596,220, 
3597,220, 
3598,7467,900
3599,410,00
3600,489, +
3601,220, 
3602,8929,144
3603,410,00
3604,374, is
3605,220, 
3606,6849,104
3607,3443,400
3608,11,","
3609,5636, plus
3610,220, 
3611,20758,576
3612,374, is
3613,220, 
3614,6849,104
3615,11,","
3616,25208,976
3617,382,".

"
3618,68791,Similarly
3619,11,","
3620,220, 
3621,16739,432
3622,61,^
3623,17,2
3624,25,:
3625,220, 
3626,3443,400
3627,61,^
3628,17,2
3629,284, =
3630,220, 
3631,6330,160
3632,11,","
3633,931,000
3634,11,","
3635,220, 
3636,843,32
3637,61,^
3638,17,2
3639,284, =
3640,220, 
3641,16,1
3642,11,","
3643,19592,024
3644,11,","
3645,5425, cross
3646,4751, term
3647,220, 
3648,17,2
3649,9,*
3650,3443,400
3651,9,*
3652,843,32
3653,28,=
3654,914,25
3655,11,","
3656,5067,600
3657,13,.
3658,2100, So
3659,11,","
3660,320, (
3661,3443,400
3662,489, +
3663,220, 
3664,843,32
3665,30876,)^
3666,17,2
3667,284, =
3668,220, 
3669,6330,160
3670,11,","
3671,931,000
3672,489, +
3673,220, 
3674,914,25
3675,11,","
3676,5067,600
3677,489, +
3678,220, 
3679,16,1
3680,11,","
3681,19592,024
3682,284, =
3683,220, 
3684,9714,186
3685,11,","
3686,23000,624
3687,382,".

"
3688,4516,So
3689,11,","
3690,18240, \(
3691,432, R
3692,284, =
3693,1144, \
3694,27986,sqrt
3695,90,{
3696,6849,104
3697,11,","
3698,25208,976
3699,489, +
3700,220, 
3701,9714,186
3702,11,","
3703,23000,624
3704,92,}
3705,284, =
3706,1144, \
3707,27986,sqrt
3708,90,{
3709,17335,291
3710,11,","
3711,5067,600
3712,92,}
3713,1144, \
3714,3677,").

"
3715,47354,Compute
3716,18430, sqrt
3717,7,(
3718,17335,291
3719,11,","
3720,5067,600
3721,570,).
3722,6914, Let
3723,596,'s
3724,1518, see
3725,11,","
3726,220, 
3727,2636,500
3728,61,^
3729,17,2
3730,284, =
3731,220, 
3732,5154,250
3733,11,","
3734,931,000
3735,11,","
3736,220, 
3737,17048,540
3738,61,^
3739,17,2
3740,284, =
3741,220, 
3742,17335,291
3743,11,","
3744,5067,600
3745,13,.
3746,2100, So
3747,11,","
3748,18430, sqrt
3749,7,(
3750,17335,291
3751,11,","
3752,5067,600
3753,8,)
3754,284, =
3755,220, 
3756,17048,540
3757,382,".

"
3758,55915,Therefore
3759,11,","
3760,18240, \(
3761,220, 
3762,16723,324
3763,59,\
3764,9594,cos
3765,59,\
3766,16356,theta
3767,482, -
3768,220, 
3769,16739,432
3770,59,\
3771,16319,sin
3772,59,\
3773,16356,theta
3774,284, =
3775,220, 
3776,17048,540
3777,59,\
3778,9594,cos
3779,11781,(\
3780,16356,theta
3781,489, +
3782,1144, \
3783,17247,phi
3784,8,)
3785,1144, \
3786,705,"),"
3787,1405, where
3788,18240, \(
3789,1144, \
3790,17247,phi
3791,1144, \
3792,8,)
3793,374, is
3794,1063, some
3795,9392, angle
3796,13,.
3797,578, The
3798,7340, maximum
3799,907, value
3800,315, of
3801,420, this
3802,7645, expression
3803,374, is
3804,220, 
3805,17048,540
3806,11,","
3807,2533, since
3808,279, the
3809,7340, maximum
3810,315, of
3811,76359, cosine
3812,374, is
3813,220, 
3814,16,1
3815,382,".

"
3816,55915,Therefore
3817,11,","
3818,279, the
3819,7340, maximum
3820,1972, real
3821,961, part
3822,315, of
3823,18240, \(
3824,469, E
3825,1144, \
3826,8,)
3827,374, is
3828,220, 
3829,17048,540
3830,382,".

"
3831,4516,So
3832,11,","
3833,2225, both
3834,5528, methods
3835,3063, lead
3836,757, me
3837,311, to
3838,279, the
3839,1890, same
3840,4320, answer
3841,11,","
3842,902, which
3843,374, is
3844,82964, reassuring
3845,13,.
3846,2100, So
3847,11,","
3848,358, I
3849,1781, think
3850,220, 
3851,17048,540
3852,374, is
3853,279, the
3854,4495, correct
3855,4320, answer
3856,382,".

"
3857,10156,Just
3858,311, to
3859,55099, recap
3860,11,","
3861,3508, whether
3862,358, I
3863,3237, express
3864,18240, \(
3865,1167, z
3866,1144, \
3867,8,)
3868,304, in
3869,3878, terms
3870,315, of
3871,18240, \(
3872,865, x
3873,1144, \
3874,8,)
3875,323, and
3876,18240, \(
3877,379, y
3878,1144, \
3879,8,)
3880,323, and
3881,1005, use
3882,279, the
3883,14751, Ca
3884,1412,uch
3885,88,y
3886,6354,-S
3887,331,ch
3888,45804,warz
3889,32305, inequality
3890,477, or
3891,3350, write
3892,18240, \(
3893,1167, z
3894,1144, \
3895,8,)
3896,304, in
3897,25685, polar
3898,1376, form
3899,323, and
3900,3237, express
3901,279, the
3902,1972, real
3903,961, part
3904,439, as
3905,264, a
3906,3254, single
3907,76914, sinus
3908,71916,oidal
3909,734, function
3910,11,","
3911,358, I
3912,842, end
3913,709, up
3914,449, with
3915,279, the
3916,1890, same
3917,7340, maximum
3918,907, value
3919,315, of
3920,220, 
3921,17048,540
3922,382,".

"
3923,55915,Therefore
3924,11,","
3925,358, I
3926,2846,'m
3927,16913, confident
3928,430, that
3929,279, the
3930,7928, largest
3931,3284, possible
3932,1972, real
3933,961, part
3934,374, is
3935,220, 
3936,17048,540
3937,382,".

"
3938,334,**
3939,19918,Final
3940,22559, Answer
3941,1035,"**
"
3942,59,\
3943,80175,boxed
3944,90,{
3945,17048,540
3946,534,"}
"
3947,128014,</think>
3948,271,"

"
3949,22818,Given
3950,279, the
3951,7645, expression
3952,1144, \
3953,1209,((
3954,2075,75
3955,489, +
3956,220, 
3957,8546,117
3958,72,i
3959,8,)
3960,89,z
3961,489, +
3962,1144, \
3963,38118,frac
3964,90,{
3965,4161,96
3966,489, +
3967,220, 
3968,8929,144
3969,72,i
3970,15523,}{
3971,89,z
3972,11281,}\
3973,8,)
3974,1405, where
3975,18240, \(
3976,89,z
3977,58858,\)
3978,374, is
3979,264, a
3980,6485, complex
3981,1396, number
3982,449, with
3983,18240, \(
3984,91,|
3985,89,z
3986,91,|
3987,284, =
3988,220, 
3989,19,4
3990,59,\
3991,705,"),"
3992,584, we
3993,1205, need
3994,311, to
3995,1505, find
3996,279, the
3997,7928, largest
3998,3284, possible
3999,1972, real
4000,961, part
4001,382,".

"
4002,5451,First
4003,11,","
4004,584, we
4005,3237, express
4006,18240, \(
4007,89,z
4008,58858,\)
4009,439, as
4010,18240, \(
4011,87,x
4012,489, +
4013,62797, yi
4014,58858,\)
4015,1405, where
4016,18240, \(
4017,87,x
4018,58858,\)
4019,323, and
4020,18240, \(
4021,88,y
4022,58858,\)
4023,527, are
4024,1972, real
4025,5219, numbers
4026,11,","
4027,323, and
4028,18240, \(
4029,87,x
4030,61,^
4031,17,2
4032,489, +
4033,379, y
4034,61,^
4035,17,2
4036,284, =
4037,220, 
4038,845,16
4039,59,\
4040,570,).
4041,1226, We
4042,1243, then
4043,12849, compute
4044,1855, each
4045,4751, term
4046,26214, separately
4047,382,".

"
4048,16,1
4049,13,.
4050,578, The
4051,1176, first
4052,4751, term
4053,1144, \
4054,1209,((
4055,2075,75
4056,489, +
4057,220, 
4058,8546,117
4059,72,i
4060,8,)
4061,89,z
4062,58858,\)
4063,374, is
4064,16997, calculated
4065,439, as
4066,512,":
"
4067,256,  
4068,1144, \
4069,9837,"[
"
4070,256,  
4071,320, (
4072,2075,75
4073,489, +
4074,220, 
4075,8546,117
4076,72,i
4077,2432,)(
4078,87,x
4079,489, +
4080,62797, yi
4081,8,)
4082,284, =
4083,220, 
4084,2075,75
4085,87,x
4086,482, -
4087,220, 
4088,8546,117
4089,88,y
4090,489, +
4091,320, (
4092,2075,75
4093,88,y
4094,489, +
4095,220, 
4096,8546,117
4097,87,x
4098,48817,)i
4099,198,"
"
4100,256,  
4101,1144, \
4102,2595,"]

"
4103,17,2
4104,13,.
4105,578, The
4106,2132, second
4107,4751, term
4108,1144, \
4109,11781,(\
4110,38118,frac
4111,90,{
4112,4161,96
4113,489, +
4114,220, 
4115,8929,144
4116,72,i
4117,15523,}{
4118,89,z
4119,11281,}\
4120,8,)
4121,374, is
4122,16997, calculated
4123,1701, using
4124,1144, \
4125,11781,(\
4126,38118,frac
4127,90,{
4128,16,1
4129,15523,}{
4130,89,z
4131,92,}
4132,284, =
4133,1144, \
4134,38118,frac
4135,46440,{x
4136,482, -
4137,62797, yi
4138,15523,}{
4139,845,16
4140,11281,}\
4141,997,"):
"
4142,256,  
4143,1144, \
4144,9837,"[
"
4145,256,  
4146,1144, \
4147,38118,frac
4148,97165,{(
4149,4161,96
4150,489, +
4151,220, 
4152,8929,144
4153,72,i
4154,2432,)(
4155,87,x
4156,482, -
4157,62797, yi
4158,9317,)}
4159,90,{
4160,845,16
4161,92,}
4162,284, =
4163,220, 
4164,21,6
4165,87,x
4166,489, +
4167,220, 
4168,24,9
4169,88,y
4170,489, +
4171,10505, (-
4172,21,6
4173,88,y
4174,489, +
4175,220, 
4176,24,9
4177,87,x
4178,48817,)i
4179,198,"
"
4180,256,  
4181,1144, \
4182,2595,"]

"
4183,33408,Adding
4184,1521, these
4185,3878, terms
4186,3871, together
4187,11,","
4188,584, we
4189,636, get
4190,279, the
4191,1972, real
4192,961, part
4193,315, of
4194,279, the
4195,7645, expression
4196,512,":
"
4197,59,\
4198,9837,"[
"
4199,7,(
4200,2075,75
4201,87,x
4202,482, -
4203,220, 
4204,8546,117
4205,88,y
4206,8,)
4207,489, +
4208,320, (
4209,21,6
4210,87,x
4211,489, +
4212,220, 
4213,24,9
4214,88,y
4215,8,)
4216,284, =
4217,220, 
4218,5932,81
4219,87,x
4220,482, -
4221,220, 
4222,6640,108
4223,88,y
4224,198,"
"
4225,59,\
4226,2595,"]

"
4227,1271,To
4228,35608, maximize
4229,18240, \(
4230,5932,81
4231,87,x
4232,482, -
4233,220, 
4234,6640,108
4235,88,y
4236,58858,\)
4237,3917, subject
4238,311, to
4239,18240, \(
4240,87,x
4241,61,^
4242,17,2
4243,489, +
4244,379, y
4245,61,^
4246,17,2
4247,284, =
4248,220, 
4249,845,16
4250,59,\
4251,705,"),"
4252,584, we
4253,1005, use
4254,279, the
4255,14751, Ca
4256,1412,uch
4257,88,y
4258,6354,-S
4259,331,ch
4260,45804,warz
4261,32305, inequality
4262,13,.
4263,578, The
4264,7340, maximum
4265,907, value
4266,374, is
4267,2728, given
4268,555, by
4269,512,":
"
4270,59,\
4271,9837,"[
"
4272,19,4
4273,1144, \
4274,15487,times
4275,1144, \
4276,27986,sqrt
4277,90,{
4278,5932,81
4279,61,^
4280,17,2
4281,489, +
4282,10505, (-
4283,6640,108
4284,30876,)^
4285,17,2
4286,92,}
4287,284, =
4288,220, 
4289,19,4
4290,1144, \
4291,15487,times
4292,220, 
4293,8878,135
4294,284, =
4295,220, 
4296,17048,540
4297,198,"
"
4298,59,\
4299,2595,"]

"
4300,45600,Thus
4301,11,","
4302,279, the
4303,7928, largest
4304,3284, possible
4305,1972, real
4306,961, part
4307,315, of
4308,279, the
4309,2728, given
4310,7645, expression
4311,374, is
4312,1144, \
4313,11781,(\
4314,80175,boxed
4315,90,{
4316,17048,540
4317,11281,}\
4318,570,).
4319,128001,<｜end▁of▁sentence｜>
